Date,Units_Sold,Revenue,Is_Promotion,Price,Competitor_Price_Index
2021-01-01,898,71454.92,0,112.96499999999999,100.345
2021-01-02,1029,70383.01000000001,0,109.82749999999999,98.32249999999999
2021-01-03,1054,80024.95999999999,1,105.71749999999999,99.37
2021-01-04,994,76046.70999999999,0,113.54249999999999,97.3
2021-01-05,1001,79419.0,0,112.89,100.5025
2021-01-06,969,67885.45,1,112.04749999999999,101.0375
2021-01-07,1026,72351.70999999999,0,113.71,93.045
2021-01-08,1076,75405.97,1,105.1575,100.8075
2021-01-09,1128,91792.74,1,104.77000000000001,101.3425
2021-01-10,1125,80953.9,1,114.81750000000001,104.595
2021-01-11,1093,88476.04000000001,1,103.52,104.0125
2021-01-12,1115,84618.3,0,112.6525,100.3925
2021-01-13,1079,77925.92,1,104.39750000000001,103.9075
2021-01-14,1039,66656.85,0,115.33,102.8575
2021-01-15,934,69054.93000000001,1,109.88,96.555
2021-01-16,1054,89546.8,0,115.06,105.545
2021-01-17,1024,80014.09,0,114.6425,101.785
2021-01-18,976,69134.51000000001,0,116.11,101.2525
2021-01-19,1017,73253.51999999999,1,113.3575,101.3825
2021-01-20,1061,76932.26000000001,0,115.0875,96.9375
2021-01-21,1055,72137.27,0,114.67500000000001,95.1975
2021-01-22,1007,61028.97,1,104.9575,102.36
2021-01-23,1232,90110.49,1,101.625,102.705
2021-01-24,1192,69868.62,1,113.96499999999999,100.66
2021-01-25,988,62415.94,0,113.48,99.66499999999999
2021-01-26,1047,75400.72,0,112.6675,98.7775
2021-01-27,1110,66361.95999999999,1,111.07999999999998,102.52000000000001
2021-01-28,943,77011.09000000001,0,113.395,98.2175
2021-01-29,951,70276.95,0,113.7625,98.36
2021-01-30,1069,73559.26000000001,1,110.66999999999999,98.8675
2021-01-31,1026,73946.95999999999,0,113.88000000000001,99.77250000000001
2021-02-01,1082,69631.15,1,101.55,101.86500000000001
2021-02-02,1025,72602.27,0,115.4375,98.35249999999999
2021-02-03,885,52382.32,0,112.30250000000001,99.4525
2021-02-04,1003,66726.76,1,111.0125,98.345
2021-02-05,1006,79054.68,0,113.7975,102.4
2021-02-06,1084,87558.47,0,112.94749999999999,97.795
2021-02-07,1243,90377.16,1,113.9975,100.56
2021-02-08,1030,72306.68,0,113.80250000000001,103.6075
2021-02-09,1007,74963.73,0,112.725,100.005
2021-02-10,1082,75124.55,0,114.1575,99.3875
2021-02-11,1068,73350.36,0,109.4375,98.7925
2021-02-12,1041,67270.75,1,114.25,97.74000000000001
2021-02-13,1077,66821.05,0,108.99999999999999,98.34
2021-02-14,1277,96675.70000000001,1,103.36,100.28999999999999
2021-02-15,934,65447.55,0,114.995,97.77000000000001
2021-02-16,913,67044.2,1,111.96000000000001,102.245
2021-02-17,1098,74502.84,1,112.7625,102.9175
2021-02-18,1024,62506.31,0,112.69,100.63
2021-02-19,1196,82471.21,1,103.6125,100.1025
2021-02-20,1188,75587.24,1,113.6275,102.1725
2021-02-21,1203,92064.79999999999,1,111.54749999999999,100.78
2021-02-22,1031,77795.85,1,113.20250000000001,100.6825
2021-02-23,1028,71050.91,0,111.5775,96.33
2021-02-24,1066,73700.70999999999,1,103.72250000000001,103.35
2021-02-25,994,73439.70000000001,0,113.21249999999999,100.035
2021-02-26,1040,90500.12,1,106.155,101.9975
2021-02-27,1244,97477.68000000001,0,112.3725,96.9075
2021-02-28,1110,81569.06,0,115.4875,101.4975
2021-03-01,1224,90668.87,1,108.0475,103.23
2021-03-02,1065,79870.08,1,106.145,99.08250000000001
2021-03-03,1117,88266.29000000001,0,114.30250000000001,100.655
2021-03-04,1139,82838.57,0,112.9325,99.78
2021-03-05,1121,63256.2,1,112.98,98.9425
2021-03-06,1025,79886.14,0,111.9225,100.1675
2021-03-07,1300,86902.41,1,113.33500000000001,103.7975
2021-03-08,1205,90006.79000000001,1,107.91,101.9125
2021-03-09,960,73132.36,1,112.805,98.8925
2021-03-10,1051,68323.77,0,116.36000000000001,99.29
2021-03-11,960,68312.33,0,112.42999999999999,95.97999999999999
2021-03-12,1111,87503.15,1,112.0925,99.4125
2021-03-13,1184,97946.99,1,102.72749999999999,98.2775
2021-03-14,1231,98714.36,0,112.9825,100.4875
2021-03-15,1038,72798.3,0,116.175,99.8775
2021-03-16,1085,87312.40000000001,1,112.3875,100.9175
2021-03-17,1069,89711.63,0,112.77250000000001,99.64750000000001
2021-03-18,1043,74342.11,0,114.1425,99.48
2021-03-19,1050,73768.72,0,110.76500000000001,99.15
2021-03-20,1243,91459.89,0,113.25750000000001,100.79
2021-03-21,1196,108657.41,0,112.165,100.6175
2021-03-22,1024,67908.87,0,112.1625,96.5025
2021-03-23,987,71139.87,0,116.61999999999999,99.9425
2021-03-24,1051,76847.34,0,111.92999999999999,99.3975
2021-03-25,1149,84765.13,1,103.78999999999999,101.1
2021-03-26,1028,76703.25,0,114.14999999999998,100.725
2021-03-27,1141,70968.79000000001,1,111.7775,99.095
2021-03-28,1382,88539.38,1,107.13,99.61
2021-03-29,1090,81540.86,1,111.6125,103.405
2021-03-30,1212,96734.97,1,104.1575,97.1825
2021-03-31,1119,83353.79,0,109.845,98.32
2021-04-01,1075,71951.25,1,114.0725,101.195
2021-04-02,1112,86260.64,0,112.885,95.8275
2021-04-03,1150,111329.65,1,108.04750000000001,99.385
2021-04-04,1186,92678.59,0,114.51750000000001,101.0925
2021-04-05,1033,88315.99,0,113.70500000000001,103.5775
2021-04-06,1063,78632.35,0,114.2325,101.33
2021-04-07,1205,82542.36,1,109.04500000000002,94.1025
2021-04-08,1276,104122.33,1,110.6925,102.93
2021-04-09,1234,105533.68000000001,1,103.89250000000001,99.485
2021-04-10,1228,103455.84,0,114.05250000000001,98.385
2021-04-11,1019,83315.9,1,111.9275,101.85
2021-04-12,1121,86214.73,1,111.64,99.94
2021-04-13,1295,97598.62,1,102.52250000000001,98.3575
2021-04-14,1210,75863.03,1,112.75999999999999,100.535
2021-04-15,1099,82346.77,1,111.9625,100.0425
2021-04-16,1034,77326.67,0,113.3125,98.775
2021-04-17,1221,100984.34,0,113.2525,100.5375
2021-04-18,1209,102229.94,0,114.07749999999999,99.61
2021-04-19,1231,94967.43,0,113.07250000000002,102.4425
2021-04-20,1138,99537.54000000001,0,114.1425,101.9
2021-04-21,1282,98138.58,1,102.60499999999999,96.795
2021-04-22,1188,85072.7,0,114.03999999999999,102.59
2021-04-23,1083,72857.34000000001,0,112.97,96.24000000000001
2021-04-24,1410,107813.98,1,111.2675,99.245
2021-04-25,1348,99047.68,1,112.005,101.57
2021-04-26,1127,95658.12,0,112.05000000000001,99.8025
2021-04-27,1166,97643.42000000001,0,112.36250000000001,98.16
2021-04-28,1113,93460.12,0,112.57249999999999,98.3825
2021-04-29,1090,74680.18,0,112.05,97.5625
2021-04-30,1303,101950.39000000001,1,109.49499999999999,97.6425
2021-05-01,1202,98594.56,1,113.22,103.81
2021-05-02,1121,89475.1,0,112.77,100.1225
2021-05-03,1269,83106.85,1,109.77250000000001,97.47749999999999
2021-05-04,1118,87161.25,1,111.6025,99.1175
2021-05-05,1168,92256.86,0,110.845,94.16
2021-05-06,1260,96736.76000000001,1,112.97,99.57249999999999
2021-05-07,1194,89824.9,1,113.8075,98.00999999999999
2021-05-08,1350,104827.73,0,111.20750000000001,100.64
2021-05-09,1363,96070.94,1,109.96,106.5375
2021-05-10,1267,89146.67,1,111.14500000000001,101.9575
2021-05-11,1206,89065.1,1,104.47,96.6975
2021-05-12,1142,89499.26999999999,1,105.36500000000001,96.9475
2021-05-13,1267,123205.06,1,107.38749999999999,101.16499999999999
2021-05-14,1423,96742.77,1,109.43,94.45
2021-05-15,1262,105037.17,0,112.7025,101.245
2021-05-16,1308,114637.36,1,104.39749999999998,101.1675
2021-05-17,1212,81305.54000000001,1,111.77250000000001,98.5625
2021-05-18,1226,100706.42,1,109.95000000000002,98.56
2021-05-19,1355,91523.99,1,112.02749999999999,95.7375
2021-05-20,1214,92629.23,1,111.97749999999999,100.855
2021-05-21,1324,121596.88,1,102.66499999999999,97.93
2021-05-22,1275,92593.78,1,109.62,102.8275
2021-05-23,1269,112791.18999999999,1,105.69,100.645
2021-05-24,1281,103326.68,1,106.5625,100.45
2021-05-25,1183,83540.13,0,110.54749999999999,100.66499999999999
2021-05-26,1250,92360.61,1,112.2125,96.545
2021-05-27,1097,97060.06,0,111.465,101.7
2021-05-28,1233,101503.62,1,108.83250000000001,100.33500000000001
2021-05-29,1223,106332.72,0,114.255,99.91
2021-05-30,1215,93853.69,0,114.2225,100.2975
2021-05-31,1182,80962.86,0,113.2925,100.0575
2021-06-01,1096,89670.09,0,114.56,100.8475
2021-06-02,1273,98774.59999999999,1,112.64500000000001,101.285
2021-06-03,1181,105634.38,1,103.54500000000002,98.32499999999999
2021-06-04,1306,86203.70999999999,1,112.125,102.41749999999999
2021-06-05,1167,92629.20999999999,0,111.62249999999999,101.5675
2021-06-06,1382,108682.34,1,111.86,95.0875
2021-06-07,1257,93118.59,1,107.3075,103.2825
2021-06-08,1109,84443.42,0,110.61500000000001,99.37
2021-06-09,1174,102259.13,0,112.8675,100.995
2021-06-10,1259,99875.28,1,112.7325,106.495
2021-06-11,1193,101217.01000000001,0,113.1775,96.0075
2021-06-12,1458,114304.04,1,111.97749999999999,96.945
2021-06-13,1225,111176.26000000001,1,103.565,94.125
2021-06-14,1158,95413.45,0,113.07999999999998,98.595
2021-06-15,1190,95436.79000000001,0,116.1775,98.1575
2021-06-16,1253,98518.12,1,106.4475,102.5375
2021-06-17,1285,94195.37,0,111.195,100.77
2021-06-18,1109,76583.22,0,113.34,99.235
2021-06-19,1396,125175.14,1,105.43,98.4825
2021-06-20,1400,114403.63,1,111.7375,104.265
2021-06-21,1279,103943.72,1,107.6075,103.0675
2021-06-22,1140,88597.7,0,114.6575,95.19
2021-06-23,1099,91295.59999999999,0,111.7175,100.5975
2021-06-24,1227,89536.28,1,115.26750000000001,96.82
2021-06-25,1220,102900.83,1,112.98,100.41749999999999
2021-06-26,1187,107611.09,0,116.3175,103.27000000000001
2021-06-27,1361,112614.35999999999,1,113.625,102.4975
2021-06-28,1175,84177.43,0,112.185,102.2525
2021-06-29,1243,84813.96,0,112.57,98.61
2021-06-30,1213,88778.93,1,111.14750000000001,101.9225
2021-07-01,1225,90559.2,1,102.995,98.075
2021-07-02,1130,86069.74,0,111.5775,102.4875
2021-07-03,1197,83983.6,0,113.215,99.97999999999999
2021-07-04,1274,113713.52,0,112.635,95.63
2021-07-05,1057,84964.44,0,111.0625,102.93
2021-07-06,1264,95718.08,1,111.33749999999999,101.7625
2021-07-07,1274,97670.52,1,111.07750000000001,99.0925
2021-07-08,1184,105333.96999999999,0,114.0875,99.7325
2021-07-09,1261,92196.78,1,112.5275,95.4875
2021-07-10,1395,108096.06,0,112.27000000000001,100.60249999999999
2021-07-11,1253,109811.58,0,114.0575,97.995
2021-07-12,1059,84462.54000000001,0,111.4125,97.4275
2021-07-13,1198,99125.37,0,112.1225,104.4325
2021-07-14,1242,97949.5,0,115.5275,99.02250000000001
2021-07-15,1181,92286.97,0,114.33000000000001,101.3275
2021-07-16,1197,98011.16,0,113.88499999999999,97.89750000000001
2021-07-17,1199,88525.84,1,109.78500000000001,100.53
2021-07-18,1282,106093.87,1,114.22,101.05000000000001
2021-07-19,1130,78190.31,0,112.01249999999999,98.345
2021-07-20,1250,87826.36,0,112.28999999999999,101.3925
2021-07-21,1208,90816.0,0,111.77250000000001,102.69749999999999
2021-07-22,1249,105962.07,0,112.8925,100.11500000000001
2021-07-23,1214,91845.67,1,109.29249999999999,100.86
2021-07-24,1534,106007.4,1,107.29249999999999,100.4275
2021-07-25,1198,89629.69,1,113.4625,101.3325
2021-07-26,1132,87746.20999999999,0,111.4125,101.2325
2021-07-27,1237,106010.14,0,112.2525,98.8725
2021-07-28,1338,99859.68,1,115.375,99.6975
2021-07-29,1258,102974.58,0,112.41,98.89999999999999
2021-07-30,1206,104659.66,0,115.2975,101.54
2021-07-31,1410,105524.22,1,107.45500000000001,99.725
2021-08-01,1481,108362.75,1,113.11500000000001,97.0925
2021-08-02,1185,100684.01000000001,1,111.215,100.775
2021-08-03,1472,110223.12,1,99.915,105.7525
2021-08-04,1121,88442.01,1,110.8725,94.7475
2021-08-05,1312,125253.51,1,106.16749999999999,98.4925
2021-08-06,1300,96462.9,1,103.785,104.0975
2021-08-07,1239,97999.47,0,114.29249999999999,99.4125
2021-08-08,1159,81812.56,0,112.345,99.5825
2021-08-09,1086,79956.79,0,111.5575,100.2475
2021-08-10,1155,86135.75,0,115.935,97.72
2021-08-11,1255,92833.06,1,110.69500000000001,100.6125
2021-08-12,1192,94112.90000000001,1,113.05250000000001,98.2275
2021-08-13,1224,96621.76,0,115.36500000000001,97.39
2021-08-14,1128,99163.85,0,115.86500000000001,100.7325
2021-08-15,1384,105972.67,1,110.0875,98.94749999999999
2021-08-16,1300,107904.19,1,110.055,99.545
2021-08-17,1232,82634.43,1,106.3425,99.7575
2021-08-18,1099,81069.75,0,114.755,105.455
2021-08-19,1109,84869.92,0,115.045,100.11500000000001
2021-08-20,1121,79346.31,0,111.64999999999999,94.6925
2021-08-21,1245,107518.94,1,111.4075,101.3475
2021-08-22,1285,102032.42,0,113.8825,98.94
2021-08-23,1203,104292.3,0,114.38000000000001,100.0075
2021-08-24,1209,82732.32,1,114.0575,102.13
2021-08-25,1125,89041.13,0,113.15,100.25
2021-08-26,1153,94609.29,0,112.98,101.4125
2021-08-27,1190,84279.48999999999,1,108.2425,95.78
2021-08-28,1203,97263.70999999999,0,114.39750000000001,102.87
2021-08-29,1407,128151.84,1,106.0175,102.7525
2021-08-30,1242,107301.5,1,108.725,104.03999999999999
2021-08-31,1155,96480.95999999999,1,106.83000000000001,103.4325
2021-09-01,1108,87490.70999999999,0,112.28,96.3
2021-09-02,1229,105083.8,0,116.19999999999999,97.575
2021-09-03,1130,93398.34,0,112.25750000000001,97.2675
2021-09-04,1378,113210.77,1,104.6925,101.34
2021-09-05,1247,84577.70999999999,1,111.33500000000001,96.725
2021-09-06,1132,86802.20999999999,0,114.50750000000001,98.8
2021-09-07,1329,119768.92000000001,1,105.4125,95.975
2021-09-08,1188,95322.19,1,110.49499999999999,103.3175
2021-09-09,1212,97848.95,1,111.3025,98.75999999999999
2021-09-10,1082,86818.43000000001,0,114.9875,98.4575
2021-09-11,1362,109676.75,1,105.35000000000001,100.2975
2021-09-12,1183,93884.25,0,115.765,103.75999999999999
2021-09-13,1145,92850.45000000001,0,113.595,102.91749999999999
2021-09-14,1115,93992.51000000001,0,114.2175,101.9
2021-09-15,1110,86810.1,0,111.6425,102.3975
2021-09-16,1231,103257.44,1,103.90249999999999,100.3775
2021-09-17,1184,98962.25,0,115.23249999999999,98.62
2021-09-18,1414,113447.59,1,102.5925,102.9925
2021-09-19,1170,89854.3,0,114.53000000000002,98.11
2021-09-20,1235,93915.8,1,108.505,99.985
2021-09-21,1196,89889.95999999999,1,111.2775,102.12
2021-09-22,1186,89008.15,0,110.955,97.9075
2021-09-23,1279,102694.9,1,116.57499999999999,102.795
2021-09-24,1234,101129.19,1,112.31,98.8425
2021-09-25,1196,99312.02,0,111.85249999999999,101.3125
2021-09-26,1289,99447.58,1,113.855,100.60249999999999
2021-09-27,1113,94234.91,0,112.00750000000001,98.2575
2021-09-28,1096,91663.23999999999,1,110.43749999999999,100.865
2021-09-29,1179,89746.87000000001,1,108.8625,96.60499999999999
2021-09-30,1164,103048.16,1,105.54750000000001,95.995
2021-10-01,1095,69823.11,0,113.07,98.2425
2021-10-02,1191,92697.72,0,115.45500000000001,98.7575
2021-10-03,1264,86013.78,1,110.96249999999999,99.84
2021-10-04,951,66362.18,0,114.14500000000001,98.89
2021-10-05,1227,83378.01000000001,1,112.4725,100.5175
2021-10-06,1173,105379.76999999999,0,113.69,98.675
2021-10-07,1072,91335.27,0,115.3075,96.7225
2021-10-08,1031,80814.62999999999,0,113.7175,100.06
2021-10-09,1191,93153.85,0,111.525,93.9475
2021-10-10,1213,92498.76,1,112.63499999999999,98.9025
2021-10-11,1082,80698.11,0,112.0725,97.925
2021-10-12,1129,81924.33,0,112.35750000000002,102.10249999999999
2021-10-13,1133,88540.95,1,112.7975,106.36
2021-10-14,1189,79164.79000000001,1,111.0525,100.1325
2021-10-15,1237,88437.53,1,104.33000000000001,102.795
2021-10-16,1369,113881.23999999999,1,104.89250000000001,103.6775
2021-10-17,1345,104001.02,1,113.995,98.62
2021-10-18,1042,85963.72,1,103.325,101.97999999999999
2021-10-19,1111,76188.38,1,114.91,105.0175
2021-10-20,1325,92705.05,1,108.7125,94.65
2021-10-21,1169,88183.14,0,112.97999999999999,101.7175
2021-10-22,1169,89392.07999999999,0,112.5,101.4675
2021-10-23,1184,94707.84,0,113.18249999999999,100.285
2021-10-24,1274,114191.61,1,105.7125,96.33500000000001
2021-10-25,1107,85972.11,1,110.4725,98.19
2021-10-26,1203,96163.81,0,114.44250000000001,98.525
2021-10-27,1174,85812.83,0,114.3025,95.69
2021-10-28,1192,86376.25,1,112.0925,102.1725
2021-10-29,1138,78432.16,1,113.43,97.385
2021-10-30,1327,87784.05,1,113.28750000000001,100.555
2021-10-31,1237,93216.57,0,111.76250000000002,102.945
2021-11-01,1298,94718.73999999999,1,112.09750000000001,99.0625
2021-11-02,1165,87096.03,0,112.7425,104.54249999999999
2021-11-03,1355,123508.23999999999,0,113.38,97.2375
2021-11-04,1195,92527.48,0,113.77,100.6125
2021-11-05,1199,90603.33,0,114.61500000000001,101.83
2021-11-06,1372,105255.4,1,114.29249999999999,98.94
2021-11-07,1460,139594.34,1,107.485,97.9175
2021-11-08,1327,114078.69,1,111.13,98.835
2021-11-09,1084,94410.62,0,111.5,101.48
2021-11-10,1365,105300.7,1,110.75999999999999,99.23
2021-11-11,1420,115302.49000000002,1,106.05499999999999,101.6625
2021-11-12,1209,103219.87,0,111.3725,95.7975
2021-11-13,1215,87560.47,1,110.965,97.945
2021-11-14,1214,101889.76,0,112.22,101.0475
2021-11-15,1273,113917.04000000001,1,103.65499999999999,101.1075
2021-11-16,1297,102830.96,0,114.615,98.6825
2021-11-17,1326,94865.34,1,112.68,98.8275
2021-11-18,1235,99118.51999999999,0,112.6225,101.6925
2021-11-19,1375,134672.58000000002,1,112.62,100.2625
2021-11-20,1381,132457.12,1,111.34,95.5575
2021-11-21,1330,104307.93000000001,0,113.235,98.09
2021-11-22,1201,99889.66,1,110.0725,99.7825
2021-11-23,1180,95021.26999999999,0,113.825,102.11
2021-11-24,1337,109608.4,0,114.3775,97.02
2021-11-25,1241,114353.17,1,104.7625,97.92
2021-11-26,1742,136272.43,1,107.305,103.3675
2021-11-27,1465,106241.53,1,112.07,93.5775
2021-11-28,1477,111438.11,1,114.10250000000002,98.67
2021-11-29,1161,84870.20999999999,0,114.2225,100.3975
2021-11-30,1165,95628.23,0,115.44749999999999,99.4
2021-12-01,1205,90117.5,0,110.58250000000001,94.71000000000001
2021-12-02,1172,82127.1,0,112.74,93.9525
2021-12-03,1290,108897.44,1,112.0275,104.6575
2021-12-04,1384,111054.4,1,110.085,98.9125
2021-12-05,1291,108684.62999999999,0,114.91999999999999,101.06
2021-12-06,1243,100671.13,1,107.495,100.75
2021-12-07,1283,110515.68000000001,1,106.43,100.9375
2021-12-08,1237,113772.78,1,106.8475,101.365
2021-12-09,1102,79852.68,0,113.0075,95.9025
2021-12-10,1349,111574.0,1,113.3075,94.17
2021-12-11,1298,103075.78,0,110.74249999999999,99.86749999999999
2021-12-12,1307,112152.56,0,115.23,96.2425
2021-12-13,1342,103876.61,0,113.85,102.04499999999999
2021-12-14,1184,104756.98,1,104.835,105.205
2021-12-15,1211,100773.65,1,110.785,96.4425
2021-12-16,1338,104965.79999999999,1,111.72000000000001,97.22999999999999
2021-12-17,1260,106990.83,0,115.1225,98.6825
2021-12-18,1396,107500.36,1,109.02250000000001,100.7
2021-12-19,1288,104479.54999999999,1,113.26750000000001,97.8675
2021-12-20,1331,97387.86,1,111.1625,97.2825
2021-12-21,1270,99650.89,0,111.8275,96.0825
2021-12-22,1125,88453.31999999999,1,110.9375,99.0525
2021-12-23,1283,104301.77,1,114.11250000000001,100.46249999999999
2021-12-24,1130,83131.43,0,110.29499999999999,101.025
2021-12-25,1462,109188.38,1,109.2675,98.6125
2021-12-26,1195,96466.70999999999,0,113.16750000000002,99.62
2021-12-27,1103,73609.57,0,113.58249999999998,100.30250000000001
2021-12-28,1237,105660.07,0,112.3525,100.6425
2021-12-29,1316,95715.78,0,111.11000000000001,102.66
2021-12-30,1326,104397.59,1,114.29750000000001,97.775
2021-12-31,1191,93013.18,0,113.77250000000001,101.2625
2022-01-01,1107,82091.28,0,110.1475,98.505
2022-01-02,1038,82027.73000000001,0,114.53750000000001,104.0475
2022-01-03,1165,94910.83,0,113.57499999999999,101.3075
2022-01-04,1144,94106.34,1,112.19500000000001,97.86
2022-01-05,1062,86410.47,1,108.89249999999998,106.8375
2022-01-06,1186,77628.14,1,112.64,100.3675
2022-01-07,1133,79179.1,0,112.285,100.655
2022-01-08,1262,96310.18,1,112.83500000000001,101.63
2022-01-09,1209,102878.22,0,113.48750000000001,94.16499999999999
2022-01-10,1069,85236.4,1,106.64500000000001,101.1575
2022-01-11,1079,79088.20999999999,1,105.43,99.4375
2022-01-12,1015,77525.51000000001,0,115.29499999999999,98.675
2022-01-13,1062,77418.85,1,103.86500000000001,101.8825
2022-01-14,1123,76749.39,1,110.95000000000002,97.61
2022-01-15,1302,93056.33,1,108.345,101.41
2022-01-16,1121,89205.82,1,113.04,101.975
2022-01-17,986,65076.58,0,112.6225,99.8125
2022-01-18,1161,65855.98,0,112.9925,97.59
2022-01-19,1126,80719.03,0,112.91499999999999,96.7975
2022-01-20,1246,84948.90000000001,1,110.48749999999998,97.16
2022-01-21,1009,73855.37,0,113.96499999999999,100.57
2022-01-22,1122,91085.73999999999,0,110.965,96.0825
2022-01-23,1194,94121.9,1,105.35999999999999,103.405
2022-01-24,1303,90755.98000000001,1,103.935,99.155
2022-01-25,1165,88637.32,0,111.3425,97.815
2022-01-26,1123,91066.11,1,111.9025,102.5925
2022-01-27,1044,83711.84,0,116.27,101.575
2022-01-28,1083,88501.7,1,104.185,102.34
2022-01-29,1388,107161.81,1,114.16250000000001,100.825
2022-01-30,1312,97941.78,0,111.94,96.745
2022-01-31,1049,88482.73999999999,0,115.2675,105.08500000000001
2022-02-01,1114,85320.8,0,115.7675,99.065
2022-02-02,967,70911.96,0,113.66000000000001,97.6675
2022-02-03,1066,85582.17000000001,0,113.38000000000001,102.0875
2022-02-04,1069,83838.79000000001,0,113.4325,97.7025
2022-02-05,1279,97620.63,0,116.265,101.355
2022-02-06,1260,108958.20999999999,0,117.69749999999999,102.705
2022-02-07,1197,106009.01999999999,1,105.375,100.495
2022-02-08,1108,77783.72,0,111.6975,98.6075
2022-02-09,1199,102450.69,1,104.7775,99.5175
2022-02-10,1070,75193.95999999999,0,114.2825,98.0925
2022-02-11,1015,84334.43,1,110.2825,102.725
2022-02-12,1220,89979.8,1,115.83000000000001,98.265
2022-02-13,1036,75275.43,0,113.48499999999999,99.4125
2022-02-14,1064,86411.09,1,113.655,101.53999999999999
2022-02-15,1162,76064.16,1,108.74,94.4125
2022-02-16,1172,98139.26999999999,0,111.7,98.31
2022-02-17,1218,86274.77,1,112.70749999999998,98.4825
2022-02-18,1262,117096.16,1,102.81499999999998,99.2425
2022-02-19,1282,103212.18,1,110.0575,97.08
2022-02-20,1136,88081.51999999999,0,112.8425,99.6
2022-02-21,1186,82106.18,0,113.71499999999999,102.365
2022-02-22,1272,82442.4,1,112.5375,97.53999999999999
2022-02-23,1103,87494.16,0,112.35749999999999,101.7975
2022-02-24,1077,79441.97,0,110.24,102.39
2022-02-25,987,69427.02,0,113.8325,97.4525
2022-02-26,1170,98651.26999999999,0,113.7075,98.045
2022-02-27,1260,94133.59999999999,0,112.79,96.7375
2022-02-28,1114,96405.1,1,113.34,97.69
2022-03-01,1263,100343.67,1,112.30000000000001,100.0425
2022-03-02,1025,87170.01000000001,0,110.98000000000002,98.4925
2022-03-03,1179,89102.48,0,111.86250000000001,102.785
2022-03-04,1212,93985.72,0,110.685,97.2825
2022-03-05,1286,125409.63999999998,1,112.98249999999999,98.37
2022-03-06,1117,88250.42,0,113.1625,101.4375
2022-03-07,1273,87832.01000000001,1,115.41749999999999,97.905
2022-03-08,1227,105887.42,1,106.99000000000001,105.4425
2022-03-09,1293,94170.24,1,113.29499999999999,97.95
2022-03-10,1103,80254.92,0,114.96000000000001,97.33
2022-03-11,1139,100400.73,0,114.83000000000001,102.10249999999999
2022-03-12,1195,89352.85,0,112.80499999999999,100.3075
2022-03-13,1200,95887.43,0,110.935,98.8025
2022-03-14,1315,97967.77,1,109.9675,102.3825
2022-03-15,1125,76147.20999999999,1,110.0575,97.88749999999999
2022-03-16,1198,94961.47,1,105.2225,96.43
2022-03-17,1148,91202.05,0,114.8125,100.86
2022-03-18,1119,86180.26,0,110.5925,99.89
2022-03-19,1177,96183.5,0,112.49000000000001,97.085
2022-03-20,1293,106778.64,1,106.075,101.61500000000001
2022-03-21,1199,98313.88,0,113.64500000000001,101.49249999999999
2022-03-22,1102,100528.28000000001,0,115.43,97.0925
2022-03-23,1084,90106.25,0,114.0275,98.415
2022-03-24,1235,89169.08,1,112.18499999999999,98.6175
2022-03-25,1189,90898.23999999999,0,111.685,99.8475
2022-03-26,1315,98444.93,1,110.705,101.13
2022-03-27,1406,122535.0,1,104.5325,94.485
2022-03-28,1041,75724.33,0,112.005,99.32000000000001
2022-03-29,1271,88346.0,1,111.08,102.51
2022-03-30,1136,90428.79999999999,0,115.9,97.84
2022-03-31,1342,92385.48,1,115.14999999999999,97.7675
2022-04-01,1112,84151.67,0,112.9425,96.9625
2022-04-02,1294,113353.09999999999,0,112.95750000000001,99.33500000000001
2022-04-03,1204,92794.37,0,113.8175,98.175
2022-04-04,1122,94715.73,0,113.19500000000001,99.5025
2022-04-05,1194,87855.68,0,112.38999999999999,97.97749999999999
2022-04-06,1235,106747.16,0,115.4375,95.675
2022-04-07,1334,105453.63,1,108.9925,102.91499999999999
2022-04-08,1375,114924.19,1,107.2025,101.8
2022-04-09,1441,96738.39,1,110.88250000000001,101.05
2022-04-10,1309,100877.98,0,113.50750000000001,101.015
2022-04-11,1183,109055.06,0,113.57000000000001,97.6725
2022-04-12,1341,105768.83,1,106.48750000000001,96.5825
2022-04-13,1120,85257.86,1,112.86749999999999,99.735
2022-04-14,1228,88038.78,1,115.1275,101.57
2022-04-15,1241,96037.2,1,107.1075,98.17
2022-04-16,1322,94345.44,1,115.82499999999999,100.47999999999999
2022-04-17,1307,96395.95999999999,1,111.69500000000001,99.5275
2022-04-18,1253,104856.93999999999,0,111.745,100.5775
2022-04-19,1127,90307.91,0,114.05,100.895
2022-04-20,1275,87994.87,1,111.375,99.27250000000001
2022-04-21,1403,109003.69,1,104.895,96.6525
2022-04-22,1267,98940.95,0,113.98,99.585
2022-04-23,1226,117366.65000000001,0,115.4925,100.9075
2022-04-24,1326,114683.62,0,114.905,101.2375
2022-04-25,1351,109417.9,1,105.36500000000001,99.0275
2022-04-26,1301,104482.1,1,110.95000000000002,103.54
2022-04-27,1288,105638.76,0,117.975,100.11
2022-04-28,1162,97207.88,0,113.66000000000001,104.4125
2022-04-29,1198,94931.23,0,112.5725,98.6625
2022-04-30,1265,99104.69,0,113.50500000000001,103.0075
2022-05-01,1281,103951.65,0,112.85,100.32249999999999
2022-05-02,1243,107382.51000000001,0,110.55000000000001,96.505
2022-05-03,1172,99650.34,0,115.13750000000002,100.1225
2022-05-04,1392,104982.04,0,114.24000000000001,100.31
2022-05-05,1301,104740.18000000001,0,111.3075,100.4675
2022-05-06,1159,96558.66,0,108.29499999999999,94.9525
2022-05-07,1309,109572.16,0,112.6475,99.94
2022-05-08,1386,100314.58,1,110.95750000000001,97.92
2022-05-09,1256,98624.42,0,114.68,96.60249999999999
2022-05-10,1281,98879.19,0,114.55250000000001,94.9875
2022-05-11,1391,114117.85,1,102.4075,98.3925
2022-05-12,1373,93592.16,1,112.1475,99.3475
2022-05-13,1119,90879.98,0,113.3525,104.035
2022-05-14,1305,114254.12,0,111.6775,102.5
2022-05-15,1333,106806.85,1,110.5075,100.7675
2022-05-16,1206,103851.91,0,115.63,97.7425
2022-05-17,1243,104688.75,0,112.38,98.345
2022-05-18,1198,92943.39,0,111.9625,98.465
2022-05-19,1325,120339.12000000001,0,114.32249999999999,102.66499999999999
2022-05-20,1335,106505.73,1,108.99750000000002,97.42750000000001
2022-05-21,1245,96387.23999999999,0,115.605,98.6375
2022-05-22,1339,112731.51999999999,1,113.07,97.28999999999999
2022-05-23,1306,99381.51999999999,1,111.01249999999999,95.9975
2022-05-24,1434,114459.29999999999,1,112.73749999999998,101.4075
2022-05-25,1181,90832.63,0,114.04249999999999,97.97
2022-05-26,1238,87522.64000000001,1,107.93,102.2675
2022-05-27,1410,124264.89,1,103.50999999999999,102.215
2022-05-28,1392,108287.04,0,112.75750000000001,95.1775
2022-05-29,1363,123274.94,0,115.9375,101.5025
2022-05-30,1419,127361.26000000001,1,104.505,100.485
2022-05-31,1277,107125.19,1,111.18,101.6075
2022-06-01,1324,97172.51000000001,1,104.035,105.1725
2022-06-02,1445,108471.93,1,112.235,101.145
2022-06-03,1377,109973.2,1,106.70749999999998,97.5775
2022-06-04,1219,97851.23999999999,0,112.98499999999999,104.89750000000001
2022-06-05,1394,118145.15,1,112.7825,100.705
2022-06-06,1238,92317.28,0,114.5925,96.565
2022-06-07,1255,97958.56,0,112.23249999999999,102.52
2022-06-08,1450,115748.26,1,103.74000000000001,100.145
2022-06-09,1251,114252.26000000001,0,111.28,99.3325
2022-06-10,1291,104472.11,0,113.34,99.4025
2022-06-11,1438,126454.04000000001,0,113.5675,100.2225
2022-06-12,1268,117083.74,0,113.27,98.2925
2022-06-13,1355,116547.25,1,103.2925,101.51
2022-06-14,1345,111106.82999999999,0,113.475,100.45
2022-06-15,1303,105948.89,0,111.56,97.6225
2022-06-16,1358,105298.12000000001,1,110.085,99.71
2022-06-17,1278,106362.04,0,113.17,97.765
2022-06-18,1343,106432.45000000001,0,113.13250000000001,99.6225
2022-06-19,1440,116498.79,0,113.3175,98.29
2022-06-20,1527,113823.68,1,109.42999999999999,100.2275
2022-06-21,1324,107880.79999999999,1,110.16,94.8125
2022-06-22,1419,104109.68000000001,1,110.8725,102.69
2022-06-23,1284,94052.7,0,112.75999999999999,100.8175
2022-06-24,1430,114851.41999999998,1,106.6725,98.85
2022-06-25,1394,109373.06,0,112.065,103.125
2022-06-26,1382,115170.76000000001,0,115.31,101.64
2022-06-27,1273,117525.97,0,113.52499999999999,98.1175
2022-06-28,1366,101075.14,0,112.5375,98.39
2022-06-29,1342,106790.93,0,113.8425,93.6325
2022-06-30,1208,95363.76000000001,0,116.1925,97.53
2022-07-01,1349,109247.31,0,112.9475,98.88749999999999
2022-07-02,1455,113338.68,0,111.32499999999999,97.05250000000001
2022-07-03,1380,131042.34,0,111.86000000000001,101.44749999999999
2022-07-04,1528,97009.51999999999,1,110.11250000000001,101.225
2022-07-05,1436,114631.06,1,110.45499999999998,103.28
2022-07-06,1320,105501.23999999999,1,111.37,101.885
2022-07-07,1261,106636.48000000001,0,112.80000000000001,104.825
2022-07-08,1220,98035.78,0,114.79249999999999,98.185
2022-07-09,1419,132601.76,0,113.6125,100.6125
2022-07-10,1407,120722.67000000001,1,111.3375,101.24
2022-07-11,1279,99698.92,0,111.30749999999999,102.0725
2022-07-12,1239,103769.06,0,111.7775,99.11
2022-07-13,1381,107415.95,1,112.8425,100.31
2022-07-14,1222,94903.87,0,113.17250000000001,100.82
2022-07-15,1252,112710.23999999999,0,115.57,98.965
2022-07-16,1411,126580.37,0,112.5675,101.67
2022-07-17,1471,122277.07,1,111.4875,101.765
2022-07-18,1239,102278.25,0,112.2025,103.16
2022-07-19,1516,110319.41,1,112.7775,92.28
2022-07-20,1429,117494.33,1,114.50750000000002,99.77
2022-07-21,1380,106989.13,1,113.56750000000001,102.8025
2022-07-22,1270,102067.07,0,112.52250000000001,98.8875
2022-07-23,1445,116275.68,0,112.745,95.74249999999999
2022-07-24,1353,119419.62,0,112.04999999999998,103.3
2022-07-25,1283,94156.05,1,113.39249999999998,101.83500000000001
2022-07-26,1310,112994.65,0,117.47,97.89
2022-07-27,1429,113649.17,1,113.445,104.38250000000001
2022-07-28,1535,120131.28,1,113.3775,102.93
2022-07-29,1222,104360.43000000001,0,113.35249999999999,98.0
2022-07-30,1342,118598.28,0,114.9975,96.7675
2022-07-31,1490,119833.70000000001,1,108.7675,102.83500000000001
2022-08-01,1134,96629.73000000001,0,114.66250000000001,100.11250000000001
2022-08-02,1258,104243.88,0,112.07249999999999,103.78999999999999
2022-08-03,1315,115395.53,0,109.9625,100.8175
2022-08-04,1358,101949.72,1,115.915,98.7875
2022-08-05,1295,107785.41,0,112.5575,103.91
2022-08-06,1324,115529.26000000001,0,112.905,103.8275
2022-08-07,1401,119805.59,0,113.34249999999999,100.36500000000001
2022-08-08,1477,132035.01,1,103.9575,99.2225
2022-08-09,1268,111583.68,0,112.4975,107.04
2022-08-10,1238,101094.06,0,112.8925,101.845
2022-08-11,1350,110572.28,1,109.36999999999999,94.9625
2022-08-12,1297,100032.82,0,114.29499999999999,103.7375
2022-08-13,1364,134148.76,1,104.37499999999999,100.45
2022-08-14,1367,106290.9,1,112.59500000000001,100.565
2022-08-15,1289,101908.48,0,111.3475,102.54
2022-08-16,1313,101298.73999999999,0,112.13000000000001,101.0925
2022-08-17,1341,104146.06999999999,1,110.44250000000001,99.92
2022-08-18,1261,95465.44,0,114.7675,100.5575
2022-08-19,1385,123723.42000000001,1,104.36,100.765
2022-08-20,1318,121987.99,0,114.01249999999999,99.4725
2022-08-21,1350,109347.62,0,112.8875,99.3875
2022-08-22,1304,98552.96,0,112.10250000000002,102.6925
2022-08-23,1276,111739.6,0,111.9025,97.5775
2022-08-24,1248,99166.29000000001,1,108.14750000000001,103.0775
2022-08-25,1401,103387.12,0,112.39000000000001,100.385
2022-08-26,1268,97561.84,0,108.5975,102.6825
2022-08-27,1373,102621.54999999999,1,112.6625,101.6
2022-08-28,1451,136884.43,1,105.4,102.775
2022-08-29,1181,91703.74,0,112.7125,101.7475
2022-08-30,1386,101391.42000000001,1,109.7125,101.545
2022-08-31,1198,102437.19,0,117.4525,99.125
2022-09-01,1450,127541.31999999999,1,103.3425,102.4675
2022-09-02,1181,100828.82,0,111.6875,102.60249999999999
2022-09-03,1359,103613.35,1,113.745,96.28999999999999
2022-09-04,1313,100738.72,0,111.215,100.4175
2022-09-05,1208,97872.64,0,113.41,100.785
2022-09-06,1160,98690.84,0,113.63499999999999,102.14750000000001
2022-09-07,1319,99342.11,0,112.71749999999999,102.8475
2022-09-08,1205,96598.45999999999,1,113.2775,96.3975
2022-09-09,1244,107765.91,0,114.7425,101.5625
2022-09-10,1417,114950.01999999999,1,111.20499999999998,100.21000000000001
2022-09-11,1407,110709.13,0,112.7375,100.2625
2022-09-12,1336,104457.84,1,111.7125,94.5375
2022-09-13,1355,121632.54,1,104.8775,101.83250000000001
2022-09-14,1346,122897.74999999999,1,102.70750000000001,97.53
2022-09-15,1231,102350.58,0,114.2525,98.5775
2022-09-16,1200,95509.66,0,112.09,100.805
2022-09-17,1467,124440.48999999999,1,103.2875,97.755
2022-09-18,1261,106186.86000000002,0,114.8825,100.9125
2022-09-19,1139,86068.45,0,112.5875,104.17750000000001
2022-09-20,1439,117737.13999999998,1,111.2825,98.52250000000001
2022-09-21,1263,105480.15,0,113.7125,94.045
2022-09-22,1172,101455.13,0,112.6675,104.28
2022-09-23,1180,90725.07,0,114.42500000000001,101.8175
2022-09-24,1340,107971.74,0,111.50999999999999,99.5525
2022-09-25,1411,117173.74,1,102.17,101.76
2022-09-26,1225,105712.76999999999,0,112.845,100.18
2022-09-27,1225,98505.67,0,111.22749999999999,98.345
2022-09-28,1202,86755.32,0,111.04750000000001,102.3875
2022-09-29,1304,101563.51000000001,1,108.625,99.6375
2022-09-30,1311,100411.91,1,113.005,97.06
2022-10-01,1267,94802.94,0,113.61500000000001,104.3275
2022-10-02,1396,119200.7,0,113.8025,96.79249999999999
2022-10-03,1224,96960.32,0,113.075,97.2375
2022-10-04,1170,91580.31,0,114.9675,103.05000000000001
2022-10-05,1185,94570.53,1,110.5775,99.935
2022-10-06,1278,93817.01,0,110.92249999999999,100.5725
2022-10-07,1140,83451.43,0,112.9425,102.1125
2022-10-08,1372,111027.95999999999,0,111.4525,93.35249999999999
2022-10-09,1221,104447.24,0,114.7525,97.2975
2022-10-10,1197,84215.47,0,112.2025,99.66499999999999
2022-10-11,1172,90168.11,1,111.025,102.2325
2022-10-12,1286,93829.96,1,111.37,102.0825
2022-10-13,1322,99175.58,1,113.03500000000001,101.7325
2022-10-14,1258,108591.39,0,114.45750000000001,100.115
2022-10-15,1338,114614.55,1,104.75999999999999,98.225
2022-10-16,1365,108671.91,1,113.8775,105.63749999999999
2022-10-17,1312,104054.83,1,112.85249999999999,99.55
2022-10-18,1153,93693.13,0,113.4125,103.695
2022-10-19,1187,78583.16,0,113.9425,94.5975
2022-10-20,1222,90935.54,0,112.73,98.7125
2022-10-21,1114,88182.01999999999,0,114.97,99.8075
2022-10-22,1266,100808.76999999999,0,115.14750000000001,104.25
2022-10-23,1344,100872.63,0,112.5025,101.63250000000001
2022-10-24,1298,97020.25,1,113.4025,98.8575
2022-10-25,1292,102124.6,1,111.6,101.845
2022-10-26,1131,81309.93,0,112.02250000000001,98.3425
2022-10-27,1249,112730.76,1,105.6,100.38499999999999
2022-10-28,1199,104564.74,0,113.85000000000001,97.23
2022-10-29,1421,116769.48999999999,1,102.6975,100.36
2022-10-30,1187,98172.29000000001,0,114.125,97.60249999999999
2022-10-31,1301,116976.70999999999,1,104.255,98.5175
2022-11-01,1393,99160.06,1,110.275,101.47
2022-11-02,1353,109565.93000000001,0,116.245,95.5025
2022-11-03,1399,118028.73,0,111.8225,102.9225
2022-11-04,1462,112450.49,1,113.36499999999998,101.2725
2022-11-05,1385,116430.49,0,113.61250000000001,94.485
2022-11-06,1413,129474.44,0,114.2175,98.45
2022-11-07,1309,110872.70000000001,0,111.67250000000001,98.92
2022-11-08,1323,105944.5,1,111.52,100.3575
2022-11-09,1264,113593.13,0,114.82,100.59
2022-11-10,1325,105135.78,0,116.6175,99.4925
2022-11-11,1330,106848.19,1,112.3875,100.3775
2022-11-12,1473,122196.07,0,112.63749999999999,98.3475
2022-11-13,1371,117077.15999999999,1,111.785,99.18
2022-11-14,1347,117962.68,0,112.6325,99.43
2022-11-15,1538,117872.09,1,111.0775,100.1525
2022-11-16,1357,109231.79000000001,0,110.6875,96.09
2022-11-17,1367,108541.52,0,111.57249999999999,98.64
2022-11-18,1409,120082.84999999999,1,103.27499999999999,103.01
2022-11-19,1348,122179.55,0,114.8725,99.885
2022-11-20,1494,113820.73999999999,1,113.64999999999999,100.75
2022-11-21,1370,95090.13,1,112.99000000000001,100.015
2022-11-22,1426,106841.91,1,110.41499999999999,98.9125
2022-11-23,1379,110540.11,1,111.1325,93.825
2022-11-24,1294,96542.95999999999,0,115.965,100.845
2022-11-25,1639,144110.06,0,111.8725,103.12
2022-11-26,1513,120766.03,0,112.065,100.675
2022-11-27,1426,117908.64,1,104.60999999999999,97.465
2022-11-28,1381,110801.93,0,113.03999999999999,101.1625
2022-11-29,1270,98637.48999999999,1,109.60499999999999,101.965
2022-11-30,1366,127474.25,1,105.70999999999998,97.0875
2022-12-01,1299,111948.36000000002,0,113.745,100.485
2022-12-02,1238,103375.09,0,114.06500000000001,101.4825
2022-12-03,1342,109096.44,0,109.755,102.7725
2022-12-04,1428,120055.96,1,112.005,101.6625
2022-12-05,1385,109094.19,1,115.7725,98.7475
2022-12-06,1317,106938.5,0,111.6775,95.6175
2022-12-07,1402,123104.57,0,112.43749999999999,99.5025
2022-12-08,1357,112553.68000000001,0,112.9125,97.2025
2022-12-09,1310,111055.34,1,109.745,98.6925
2022-12-10,1579,117183.06,1,109.03,101.79249999999999
2022-12-11,1595,129605.01000000001,0,109.8175,101.17750000000001
2022-12-12,1322,107374.93,0,116.97749999999999,99.385
2022-12-13,1387,109792.08,1,111.42,99.5775
2022-12-14,1454,108597.59,1,109.3225,102.05499999999999
2022-12-15,1361,112210.79,1,113.4825,96.9875
2022-12-16,1391,110363.29000000001,1,112.0225,98.285
2022-12-17,1420,127922.53,1,107.0575,99.8075
2022-12-18,1552,138840.62999999998,1,106.00750000000001,100.41
2022-12-19,1328,107716.98999999999,0,111.46999999999998,101.285
2022-12-20,1476,102462.66,1,107.6225,97.10249999999999
2022-12-21,1378,106762.75,1,110.1525,100.56
2022-12-22,1556,127955.13,1,103.29249999999999,95.91499999999999
2022-12-23,1383,109857.09,0,110.99750000000002,99.56
2022-12-24,1438,115851.85999999999,0,111.5225,103.68
2022-12-25,1487,121592.45000000001,1,113.99749999999999,100.64
2022-12-26,1319,111925.28,0,114.46999999999998,99.2325
2022-12-27,1301,99185.45999999999,0,112.95,96.4725
2022-12-28,1357,120921.38,0,113.05749999999999,99.095
2022-12-29,1497,120865.26999999999,1,102.68749999999999,96.64750000000001
2022-12-30,1269,108197.93,0,113.61749999999999,101.705
2022-12-31,1460,117492.94,1,109.50999999999999,99.3425
2023-01-01,1348,103435.82,1,104.39,102.32
2023-01-02,1043,81766.14,0,110.9075,98.85
2023-01-03,1154,85013.92000000001,0,113.195,100.0875
2023-01-04,1176,83073.57,0,112.54249999999999,99.8775
2023-01-05,1143,84014.65,0,110.77,99.2525
2023-01-06,1263,91673.37,1,112.69500000000001,102.255
2023-01-07,1226,99960.09999999999,0,112.87,97.47999999999999
2023-01-08,1196,86952.06,0,110.82,99.2225
2023-01-09,1164,83666.79000000001,0,114.36749999999999,102.535
2023-01-10,1268,91771.98999999999,1,115.67999999999999,102.50999999999999
2023-01-11,1107,90189.33,0,113.82,98.33
2023-01-12,1272,104018.19,0,113.64,102.045
2023-01-13,1227,89168.01000000001,1,112.665,99.0325
2023-01-14,1174,95825.95000000001,0,112.86000000000001,98.58250000000001
2023-01-15,1207,91074.19,0,113.045,98.25
2023-01-16,1342,116919.51,1,103.3725,102.4925
2023-01-17,1310,95898.06,1,109.8825,101.0075
2023-01-18,1372,123910.22,1,108.10249999999999,102.39
2023-01-19,1320,97068.72,1,110.035,101.67500000000001
2023-01-20,1278,116994.62,1,107.1275,99.3775
2023-01-21,1264,92914.91,0,113.63250000000001,97.4025
2023-01-22,1317,112197.31,1,105.4125,97.9925
2023-01-23,1176,89333.68,0,112.05749999999999,103.1275
2023-01-24,1274,105184.75,0,113.0575,98.38
2023-01-25,1285,114234.9,1,106.53999999999999,97.025
2023-01-26,1135,93908.53,0,114.05499999999999,99.43
2023-01-27,1181,84485.6,1,110.655,96.565
2023-01-28,1379,108446.44,0,111.58250000000001,98.515
2023-01-29,1317,109267.15000000001,0,116.02250000000001,101.7425
2023-01-30,1309,106942.03,1,112.77749999999999,95.845
2023-01-31,1165,105821.35,0,114.9425,100.64
2023-02-01,1209,88201.88,1,113.99000000000001,99.5
2023-02-02,1350,101763.03,1,114.0475,99.58500000000001
2023-02-03,1187,88714.82,1,110.6125,102.045
2023-02-04,1364,109031.27,1,108.97,98.80250000000001
2023-02-05,1270,111288.23000000001,0,113.315,98.54249999999999
2023-02-06,1200,96997.87,0,114.30749999999999,102.0075
2023-02-07,1353,87201.34,1,112.61,100.715
2023-02-08,1013,76218.6,0,111.13749999999999,98.2825
2023-02-09,1278,95630.11,0,111.8075,98.645
2023-02-10,1248,87968.84,0,111.92000000000002,97.3475
2023-02-11,1311,107812.12999999999,1,114.42750000000001,103.2
2023-02-12,1424,116158.33,1,108.55,96.815
2023-02-13,1288,103514.96,1,104.9925,98.915
2023-02-14,1233,104553.42000000001,0,112.7675,100.5075
2023-02-15,1253,105615.04999999999,1,106.0075,102.9275
2023-02-16,1232,98354.17000000001,0,111.565,97.5475
2023-02-17,1149,84961.28,0,110.33500000000001,100.7125
2023-02-18,1298,97843.15,0,114.6275,99.5375
2023-02-19,1261,105742.84,0,112.29,103.48
2023-02-20,1270,109158.35,1,105.2875,102.25999999999999
2023-02-21,1089,84445.5,0,114.6175,103.1625
2023-02-22,1234,92127.2,1,112.5975,100.0325
2023-02-23,1325,100815.60999999999,1,110.73499999999999,97.6775
2023-02-24,1243,96823.49,1,113.08250000000001,103.28
2023-02-25,1226,107418.76000000001,0,115.715,101.43
2023-02-26,1437,127360.45000000001,1,104.29,98.47749999999999
2023-02-27,1280,80376.09,1,107.0025,102.025
2023-02-28,1375,104517.67,1,113.0525,95.565
2023-03-01,1326,116783.84999999999,1,109.87999999999998,104.3825
2023-03-02,1277,103492.80000000002,1,110.6175,101.755
2023-03-03,1122,87653.33,0,116.26750000000001,102.3675
2023-03-04,1420,122647.44,1,110.3425,101.69
2023-03-05,1311,99191.48000000001,0,113.03999999999999,100.3125
2023-03-06,1415,108430.70000000001,1,112.62,95.39750000000001
2023-03-07,1466,108372.09,1,112.58,98.5925
2023-03-08,1279,115284.1,1,106.63250000000001,102.08
2023-03-09,1285,111034.41999999998,1,105.72,104.5575
2023-03-10,1265,107210.91,0,113.14999999999999,96.275
2023-03-11,1329,111214.05,0,111.1825,98.9725
2023-03-12,1313,102239.41,0,110.6525,100.8475
2023-03-13,1195,96666.24,0,109.755,104.2925
2023-03-14,1328,93856.08,0,110.5,99.895
2023-03-15,1436,109889.20999999999,1,114.24249999999999,98.61
2023-03-16,1259,102296.02,0,112.1775,103.5025
2023-03-17,1339,99539.3,1,107.595,99.0625
2023-03-18,1385,119415.48000000001,1,112.525,102.0125
2023-03-19,1390,107846.74,1,113.885,98.875
2023-03-20,1348,111370.51,0,112.46249999999999,98.02
2023-03-21,1274,98510.51999999999,0,113.2625,96.4675
2023-03-22,1257,100616.47,0,113.8725,104.87
2023-03-23,1270,101419.84,0,109.82749999999999,97.91
2023-03-24,1332,112751.64,0,115.715,99.28999999999999
2023-03-25,1358,110883.02,0,112.18,96.32
2023-03-26,1418,119649.87,1,112.50750000000001,101.56
2023-03-27,1285,90815.66,1,114.4825,97.97
2023-03-28,1183,93642.6,0,111.80499999999999,101.0675
2023-03-29,1343,101908.59,1,112.43,104.2275
2023-03-30,1395,120029.79999999999,1,102.6475,99.2175
2023-03-31,1206,89966.91,0,111.78,100.235
2023-04-01,1528,131523.72999999998,1,104.1225,96.67
2023-04-02,1353,109900.45999999999,1,111.695,98.4825
2023-04-03,1271,101145.78,1,112.79249999999999,104.5675
2023-04-04,1467,114594.29000000001,1,110.83250000000001,97.2375
2023-04-05,1231,86909.17,0,112.98249999999999,101.99499999999999
2023-04-06,1364,105940.66,1,105.305,100.89500000000001
2023-04-07,1424,112184.73999999999,1,110.9675,102.255
2023-04-08,1439,129432.51000000001,1,106.27,99.9575
2023-04-09,1513,117576.27,1,111.6525,99.805
2023-04-10,1267,107187.94,0,111.515,102.2625
2023-04-11,1380,120318.28,0,116.2,100.12
2023-04-12,1346,117471.44,1,103.2475,99.91749999999999
2023-04-13,1207,100349.79,0,112.72500000000001,106.44
2023-04-14,1441,131938.45,1,107.24499999999999,103.28
2023-04-15,1323,110289.03,0,113.38749999999999,98.47749999999999
2023-04-16,1411,118483.8,0,114.06750000000001,97.65
2023-04-17,1280,104808.14,0,111.475,99.925
2023-04-18,1285,115484.32,0,112.33,99.88
2023-04-19,1462,129203.28,0,114.08999999999999,99.12
2023-04-20,1367,107336.82,0,114.16,98.86749999999999
2023-04-21,1425,130488.63,1,107.4875,100.97
2023-04-22,1454,114415.27,1,109.60249999999999,100.4475
2023-04-23,1494,144108.59,1,107.27250000000001,94.59
2023-04-24,1336,102317.08,1,112.315,99.5025
2023-04-25,1309,110693.73999999999,0,110.6025,98.2875
2023-04-26,1225,107108.72,0,112.41,101.11500000000001
2023-04-27,1241,103442.36,1,114.2675,95.91
2023-04-28,1375,103787.33,1,111.6675,101.9425
2023-04-29,1375,110638.48,1,113.24,103.9625
2023-04-30,1380,127344.48000000001,0,112.98750000000001,97.6475
2023-05-01,1326,120191.59,0,116.88750000000002,100.5275
2023-05-02,1456,125123.07,1,105.4425,102.68
2023-05-03,1256,116999.76000000001,0,114.92,101.5875
2023-05-04,1396,120364.72,0,111.38499999999999,99.72
2023-05-05,1260,99003.12999999999,0,113.1275,101.4125
2023-05-06,1453,109744.68000000001,1,111.64250000000001,96.8375
2023-05-07,1502,131329.37,1,104.52749999999999,92.71
2023-05-08,1432,118127.61,0,112.7225,105.42
2023-05-09,1545,129248.94,1,106.4125,99.495
2023-05-10,1544,124180.48,1,113.5075,97.925
2023-05-11,1511,107947.42,1,111.6525,102.10249999999999
2023-05-12,1338,113270.39,0,110.87,103.27499999999999
2023-05-13,1395,106423.01000000001,0,114.69,103.4225
2023-05-14,1503,129376.07,1,115.4825,101.4725
2023-05-15,1623,109218.59,1,109.51000000000002,96.5
2023-05-16,1467,116586.97,0,112.5225,96.4175
2023-05-17,1341,109477.70999999999,0,113.89500000000001,101.22749999999999
2023-05-18,1542,126722.23,1,111.05250000000001,103.455
2023-05-19,1442,120740.01,0,111.025,105.135
2023-05-20,1519,122476.56999999999,0,113.5575,98.36
2023-05-21,1500,132379.79,0,111.7725,101.6175
2023-05-22,1337,105365.1,0,114.20750000000001,95.9525
2023-05-23,1397,117600.7,0,115.04,99.2125
2023-05-24,1489,112488.13,1,110.1875,102.44500000000001
2023-05-25,1325,111028.53,0,111.84,103.1625
2023-05-26,1336,102711.93000000001,0,111.875,98.6125
2023-05-27,1571,147400.13999999998,1,105.43,97.06
2023-05-28,1574,140544.42,1,104.44999999999999,103.035
2023-05-29,1394,116758.61,0,111.85,95.3925
2023-05-30,1310,113834.3,0,112.5675,97.15
2023-05-31,1426,117009.77,0,113.6125,100.6325
2023-06-01,1354,122689.33,0,114.78,101.41
2023-06-02,1419,118506.32999999999,1,109.625,102.7925
2023-06-03,1577,126567.93,1,113.67999999999999,94.705
2023-06-04,1457,116593.89,1,114.495,99.24
2023-06-05,1624,126270.1,1,111.7725,101.3225
2023-06-06,1486,131496.82,1,104.405,103.105
2023-06-07,1348,113025.9,0,114.22000000000001,103.2675
2023-06-08,1388,120166.33,1,102.7125,96.015
2023-06-09,1483,126728.45,1,110.85749999999999,100.755
2023-06-10,1525,134473.19,0,113.47999999999999,102.525
2023-06-11,1449,133303.16,0,115.845,95.36
2023-06-12,1338,108361.42000000001,0,111.69500000000001,97.2475
2023-06-13,1628,125267.89,1,112.4875,99.67999999999999
2023-06-14,1464,118324.26999999999,1,110.7825,103.8075
2023-06-15,1406,117554.54000000001,0,110.4825,102.63
2023-06-16,1334,99294.14,0,111.9325,95.15
2023-06-17,1458,120830.01999999999,0,111.41,98.04
2023-06-18,1581,123805.02000000002,1,115.44,103.8125
2023-06-19,1492,109355.28,1,112.52499999999999,98.6925
2023-06-20,1394,121635.22,0,112.30499999999999,100.5725
2023-06-21,1367,118251.46,0,111.9675,97.265
2023-06-22,1411,120678.06,0,113.42,100.0575
2023-06-23,1416,116780.20999999999,1,115.125,101.8375
2023-06-24,1549,128882.06999999999,1,110.505,99.3675
2023-06-25,1450,131899.76,1,104.89999999999999,99.07249999999999
2023-06-26,1383,113706.22,1,110.47,102.8875
2023-06-27,1340,110946.74,0,111.31,95.965
2023-06-28,1497,127581.45,1,116.155,97.8175
2023-06-29,1524,137430.4,0,113.945,102.06
2023-06-30,1332,115906.59,1,108.625,105.12
2023-07-01,1605,131720.59,0,111.78249999999998,99.6075
2023-07-02,1453,127446.62999999999,0,113.72,99.2425
2023-07-03,1360,113421.94,0,114.585,98.765
2023-07-04,1579,131178.83000000002,1,101.9025,95.43
2023-07-05,1418,132411.0,0,113.5025,98.03999999999999
2023-07-06,1308,105389.0,0,112.02250000000001,98.6225
2023-07-07,1440,126494.40999999999,0,112.07750000000001,105.095
2023-07-08,1404,125233.76,0,111.8175,100.9
2023-07-09,1347,116594.8,0,112.2025,97.6075
2023-07-10,1375,120970.03,0,111.97749999999999,99.645
2023-07-11,1561,115953.96,1,110.3825,93.7675
2023-07-12,1450,126273.4,1,104.9325,102.13
2023-07-13,1339,115376.84,0,113.765,101.285
2023-07-14,1310,114136.51999999999,0,113.7025,99.4875
2023-07-15,1446,129542.38,0,112.0025,100.0375
2023-07-16,1497,136899.15,0,111.145,94.475
2023-07-17,1442,128535.75,1,105.66499999999999,102.0875
2023-07-18,1370,101117.13,0,111.70500000000001,96.84
2023-07-19,1424,107375.71,1,112.14500000000001,99.6075
2023-07-20,1365,115234.82999999999,0,113.47,98.22749999999999
2023-07-21,1449,120606.63,0,111.5375,101.325
2023-07-22,1455,119883.41,0,114.9375,94.255
2023-07-23,1636,151286.0,1,104.66499999999999,98.7225
2023-07-24,1538,127254.46,0,115.60000000000001,99.875
2023-07-25,1419,114808.98000000001,0,114.93,96.465
2023-07-26,1465,117783.62999999999,1,113.2525,102.345
2023-07-27,1470,127994.09,1,113.0475,103.07
2023-07-28,1370,113134.79999999999,0,114.0875,100.885
2023-07-29,1429,121951.03,1,112.3675,95.86
2023-07-30,1559,132415.04,1,101.69500000000001,101.0675
2023-07-31,1411,116621.78,0,114.38999999999999,93.66499999999999
2023-08-01,1324,97701.26000000001,0,110.5075,98.89500000000001
2023-08-02,1379,115720.62,0,114.01750000000001,104.2975
2023-08-03,1362,121821.45,1,111.77749999999999,96.75999999999999
2023-08-04,1486,125853.41,0,110.21499999999999,104.03999999999999
2023-08-05,1666,158631.01,1,105.9,101.8075
2023-08-06,1482,132252.38,0,112.735,97.465
2023-08-07,1603,135293.75999999998,1,105.10499999999999,97.3575
2023-08-08,1338,107371.73999999999,0,113.4825,98.14
2023-08-09,1402,100438.9,1,113.92749999999998,98.6125
2023-08-10,1364,107730.82,0,114.97,98.3475
2023-08-11,1414,100994.42,0,114.44999999999999,101.82249999999999
2023-08-12,1490,118102.5,1,111.09,99.53
2023-08-13,1458,126409.34000000001,0,111.45750000000001,102.22
2023-08-14,1534,115503.1,1,113.1225,98.19749999999999
2023-08-15,1383,111824.15999999999,0,113.0725,101.41
2023-08-16,1352,124942.15,0,113.465,100.38
2023-08-17,1221,101382.7,0,111.6375,101.5375
2023-08-18,1463,132828.0,1,107.175,100.99
2023-08-19,1461,110247.32,0,111.97999999999999,99.975
2023-08-20,1572,136351.85,0,112.0625,95.63
2023-08-21,1342,107570.07999999999,0,111.57750000000001,96.03999999999999
2023-08-22,1519,118327.41,1,110.1925,98.4475
2023-08-23,1321,108869.02,0,114.8175,100.53
2023-08-24,1327,105428.32,0,113.3525,98.17
2023-08-25,1334,105988.6,0,111.78500000000001,98.3675
2023-08-26,1392,125280.23999999999,0,114.4875,97.6725
2023-08-27,1406,132506.12,0,114.64000000000001,103.8625
2023-08-28,1344,122547.82999999999,0,114.785,101.2775
2023-08-29,1339,114783.68,0,114.03999999999999,100.0575
2023-08-30,1338,121301.71,0,115.7825,95.4825
2023-08-31,1498,120348.68,1,113.1275,103.73
2023-09-01,1378,119972.65,1,111.475,98.82000000000001
2023-09-02,1480,120346.68,0,110.92500000000001,101.84
2023-09-03,1497,127353.27,1,113.4625,100.88
2023-09-04,1414,127442.14,0,114.61749999999999,101.3475
2023-09-05,1452,112598.76,1,111.88,101.435
2023-09-06,1387,125417.97,0,112.705,99.62
2023-09-07,1543,117939.40999999999,1,110.68249999999999,96.6275
2023-09-08,1412,133164.4,1,104.51999999999998,97.2125
2023-09-09,1468,105442.64,1,114.16499999999999,101.86749999999999
2023-09-10,1417,105766.92000000001,0,114.69999999999999,100.80250000000001
2023-09-11,1409,106479.70999999999,1,114.2625,102.2125
2023-09-12,1559,141459.63,1,106.88749999999999,102.0675
2023-09-13,1366,111698.33999999998,0,110.965,97.58
2023-09-14,1509,135475.19,1,101.84,102.03
2023-09-15,1509,144892.42,1,106.05250000000001,100.2
2023-09-16,1343,122518.93,0,112.8325,99.22
2023-09-17,1463,113308.89,1,109.0525,97.5825
2023-09-18,1275,91493.97,0,112.36500000000001,95.3675
2023-09-19,1367,104265.3,0,109.75,103.16
2023-09-20,1314,111764.90000000001,0,113.44,95.6075
2023-09-21,1315,117032.79,0,113.84499999999998,100.08250000000001
2023-09-22,1700,147012.74,1,102.19749999999999,98.82000000000001
2023-09-23,1397,117164.06,0,108.8175,101.46
2023-09-24,1539,125053.6,1,108.81,101.685
2023-09-25,1232,100583.38,0,111.02,101.0625
2023-09-26,1364,111023.87,1,109.39,104.4725
2023-09-27,1460,113872.18,1,111.2675,100.4225
2023-09-28,1376,121344.38,0,113.92500000000001,100.8625
2023-09-29,1265,95968.17,0,112.08250000000001,97.96000000000001
2023-09-30,1462,118453.67000000001,0,113.67500000000001,101.06
2023-10-01,1432,115106.63,1,112.1275,101.4
2023-10-02,1223,106374.63,0,113.16999999999999,103.1925
2023-10-03,1268,102021.42,0,112.44250000000001,102.695
2023-10-04,1341,115475.26000000001,0,111.7925,104.5925
2023-10-05,1534,116714.84000000001,1,108.53,98.44
2023-10-06,1217,107306.23999999999,0,115.9075,101.94749999999999
2023-10-07,1536,117778.63,1,108.70499999999998,102.7175
2023-10-08,1460,111300.09,1,111.4375,96.28
2023-10-09,1308,107536.18,0,113.075,101.77000000000001
2023-10-10,1375,104910.95999999999,0,114.1625,103.8925
2023-10-11,1526,122276.05,1,108.1775,97.855
2023-10-12,1476,125481.46,1,111.53750000000001,101.21000000000001
2023-10-13,1348,111390.72,1,111.885,102.3225
2023-10-14,1487,120943.93,0,113.26750000000001,98.78
2023-10-15,1477,136692.17,1,104.95499999999998,98.595
2023-10-16,1240,89607.23999999999,0,115.8025,99.32
2023-10-17,1517,129909.03000000001,1,105.745,98.7025
2023-10-18,1298,112580.28,0,112.95499999999998,99.2475
2023-10-19,1347,106451.01000000001,1,111.145,103.02
2023-10-20,1231,89864.48,0,111.88250000000001,96.76
2023-10-21,1399,113101.15,0,112.165,107.22
2023-10-22,1374,121458.56,0,112.36,101.4625
2023-10-23,1316,98226.33,1,110.02749999999999,93.985
2023-10-24,1487,99712.94,1,110.98750000000001,100.3575
2023-10-25,1228,105420.42,0,112.935,99.5775
2023-10-26,1255,103890.37,0,111.57500000000002,99.25
2023-10-27,1255,103245.52,0,110.61999999999999,97.42750000000001
2023-10-28,1325,110620.38,0,114.58250000000001,102.08500000000001
2023-10-29,1417,120185.31999999999,0,114.67,98.7025
2023-10-30,1361,124531.73999999999,1,103.77250000000001,98.52000000000001
2023-10-31,1303,108407.54000000001,0,113.05,99.73
2023-11-01,1515,137920.27000000002,1,105.535,104.71000000000001
2023-11-02,1496,129372.75,0,113.7075,103.485
2023-11-03,1576,152066.22,1,105.955,100.1325
2023-11-04,1630,147055.87,1,105.32249999999999,97.8075
2023-11-05,1653,150525.6,1,103.1725,100.22
2023-11-06,1402,114150.94,0,111.5025,101.0425
2023-11-07,1531,137120.01,0,115.27499999999999,99.6225
2023-11-08,1471,116079.45999999999,0,116.345,98.7925
2023-11-09,1366,119670.26,0,112.985,101.58500000000001
2023-11-10,1412,128541.62000000001,0,115.28999999999999,98.24000000000001
2023-11-11,1580,138141.25,1,113.435,100.70750000000001
2023-11-12,1592,133758.84,1,110.77749999999999,98.23
2023-11-13,1426,116298.25,0,113.2625,101.63
2023-11-14,1519,134386.89,1,109.52000000000001,99.55250000000001
2023-11-15,1494,118346.29999999999,1,114.39999999999999,101.67
2023-11-16,1537,117478.11,1,111.0275,102.5175
2023-11-17,1493,129973.04000000001,0,115.12750000000001,97.64750000000001
2023-11-18,1450,130957.1,0,114.48500000000001,98.24000000000001
2023-11-19,1541,126938.18,0,112.0675,95.845
2023-11-20,1489,119143.34,1,110.75,101.4225
2023-11-21,1449,116051.34,1,105.1225,101.3725
2023-11-22,1312,115651.84000000001,0,112.23,98.765
2023-11-23,1384,120361.15000000001,0,114.795,100.86
2023-11-24,1739,155230.00999999998,0,115.1375,105.215
2023-11-25,1751,165127.90999999997,1,104.965,97.44
2023-11-26,1609,150684.39,0,115.11500000000001,101.53999999999999
2023-11-27,1460,135537.29,1,102.5025,99.9975
2023-11-28,1445,127939.76000000001,1,111.3125,102.2125
2023-11-29,1624,125183.87,1,108.47749999999999,97.1625
2023-11-30,1356,117063.01,0,111.0625,98.9175
2023-12-01,1456,144482.80000000002,1,104.77999999999999,98.71
2023-12-02,1616,137318.4,1,112.4175,96.2525
2023-12-03,1767,158042.1,1,107.785,99.705
2023-12-04,1547,113587.64,1,114.5475,101.8875
2023-12-05,1300,108377.02000000002,0,111.1125,102.3725
2023-12-06,1377,111149.02,1,110.42249999999999,105.29
2023-12-07,1512,116357.81,1,113.33749999999999,100.8925
2023-12-08,1487,147126.69,1,105.1025,101.125
2023-12-09,1522,122237.94,1,109.035,100.80250000000001
2023-12-10,1596,140744.39,0,113.98999999999998,100.4225
2023-12-11,1482,114187.81,1,109.0625,101.91499999999999
2023-12-12,1380,120554.12000000001,0,112.95500000000001,97.0625
2023-12-13,1349,103802.26000000001,0,112.20750000000001,98.515
2023-12-14,1405,120361.33,1,113.58749999999999,99.1575
2023-12-15,1592,154238.38,1,107.79,97.9975
2023-12-16,1505,124146.9,0,114.69,100.265
2023-12-17,1568,117094.44,1,114.27000000000001,95.22749999999999
2023-12-18,1458,139184.9,1,101.88749999999999,103.0675
2023-12-19,1437,125979.51000000001,0,111.44,98.8675
2023-12-20,1486,127180.16,0,112.0025,100.6925
2023-12-21,1582,123539.67,1,113.30749999999999,100.905
2023-12-22,1578,147146.97999999998,1,106.24000000000001,104.295
2023-12-23,1500,133022.22,0,112.04750000000001,102.83
2023-12-24,1730,154797.78,1,103.795,101.7875
2023-12-25,1488,125611.04,1,107.7325,98.995
2023-12-26,1339,117112.5,0,113.75500000000001,99.83500000000001
2023-12-27,1535,128828.6,0,110.64250000000001,97.8675
2023-12-28,1392,121420.73,0,113.22749999999999,103.9825
2023-12-29,1501,130782.67,1,105.58749999999999,101.525
2023-12-30,1585,136946.38,1,110.61250000000001,101.84
2023-12-31,1520,137584.88,1,103.9,102.59
